{
  "encoding": {
    "x": {
      "field": "When__Time_of_day",
      "type": "nominal",
      "primitiveType": "string",
      "selected": true,
      "_any": false,
      "scale": {
        "bandSize": 30
      }
    },
    "y": {
      "field": "Cost__Repair",
      "type": "quantitative",
      "aggregate": "mean",
      "scale": {
        "bandSize": 30
      }
    }
  },
  "config": {
    "background": "white",
    "cell": {
      "width": 400,
      "height": 400
    }
  },
  "mark": "bar",
  "data": {
    "url": "file:///Users/jpocom/Projects/Diagram/chart-generator/data/birdstrikes.json",
    "formatType": "json"
  },
  "_info": {
    "score": 0.76824,
    "features": [
      {
        "reason": "x=When__Time_of_day,N [ ]",
        "score": 0.99
      },
      {
        "reason": "y=mean_Cost__Repair,Q [ ]",
        "score": 1
      },
      {
        "reason": "OxQ plot",
        "score": 0.8
      },
      {
        "reason": "mark=bar",
        "score": 0.97
      }
    ]
  }
}