{
  "encoding": {
    "x": {
      "field": "Cost__Repair",
      "type": "quantitative",
      "bin": true,
      "scale": {
        "bandSize": 30
      }
    },
    "y": {
      "field": "*",
      "aggregate": "count",
      "type": "quantitative",
      "scale": {
        "bandSize": 30
      }
    }
  },
  "config": {
    "background": "white",
    "cell": {
      "width": 400,
      "height": 400
    }
  },
  "mark": "area",
  "data": {
    "url": "file:///Users/jpocom/Projects/Diagram/chart-generator/data/birdstrikes.json",
    "formatType": "json"
  },
  "_info": {
    "score": 0.784,
    "features": [
      {
        "reason": "x=bin_Cost__Repair,Q [ ]",
        "score": 1
      },
      {
        "reason": "y=count_*,Q [ ]",
        "score": 1
      },
      {
        "reason": "OxQ plot",
        "score": 0.8
      },
      {
        "reason": "mark=area",
        "score": 0.98
      }
    ]
  }
}