{
  "encoding": {
    "x": {
      "field": "Flight_Date",
      "type": "temporal",
      "timeUnit": "year",
      "scale": {
        "bandSize": 30
      }
    },
    "color": {
      "field": "Cost__Repair",
      "type": "quantitative",
      "bin": true
    },
    "y": {
      "field": "*",
      "aggregate": "count",
      "type": "quantitative",
      "scale": {
        "bandSize": 30
      }
    }
  },
  "config": {
    "background": "white",
    "cell": {
      "width": 400,
      "height": 400
    }
  },
  "mark": "line",
  "data": {
    "url": "file:///Users/jpocom/Projects/Diagram/chart-generator/data/birdstrikes.json",
    "formatType": "json"
  },
  "_info": {
    "score": 0.23759999999999998,
    "features": [
      {
        "reason": "x=year_Flight_Date,T [ ]",
        "score": 1
      },
      {
        "reason": "y=count_*,Q [ ]",
        "score": 1
      },
      {
        "reason": "color=bin_Cost__Repair,Q [ ]",
        "score": 0.3
      },
      {
        "reason": "OxQ plot",
        "score": 0.8
      },
      {
        "reason": "mark=line",
        "score": 0.99
      }
    ]
  }
}