{
  "encoding": {
    "y": {
      "field": "Flight_Date",
      "type": "temporal",
      "timeUnit": "year",
      "scale": {
        "bandSize": 30
      }
    },
    "x": {
      "field": "Cost__Other",
      "type": "quantitative",
      "aggregate": "mean",
      "scale": {
        "bandSize": 30
      }
    }
  },
  "config": {
    "background": "white",
    "cell": {
      "width": 400,
      "height": 400
    }
  },
  "mark": "bar",
  "data": {
    "url": "file:///Users/jpocom/Projects/Diagram/chart-generator/data/birdstrikes.json",
    "formatType": "json"
  },
  "_info": {
    "score": 0.6208000000000001,
    "features": [
      {
        "reason": "x=mean_Cost__Other,Q [ ]",
        "score": 1
      },
      {
        "reason": "y=year_Flight_Date,T [ ]",
        "score": 0.8
      },
      {
        "reason": "OxQ plot",
        "score": 0.8
      },
      {
        "reason": "mark=bar",
        "score": 0.97
      }
    ]
  }
}