{
  "encoding": {
    "x": {
      "field": "When__Phase_of_flight",
      "type": "nominal",
      "primitiveType": "string",
      "selected": true,
      "_any": false,
      "scale": {
        "bandSize": 30
      }
    },
    "color": {
      "field": "Speed_IAS_in_knots",
      "type": "quantitative",
      "bin": true
    },
    "y": {
      "field": "*",
      "aggregate": "count",
      "type": "quantitative",
      "scale": {
        "bandSize": 30
      }
    }
  },
  "config": {
    "background": "white",
    "cell": {
      "width": 400,
      "height": 400
    }
  },
  "mark": "bar",
  "data": {
    "url": "file:///Users/jpocom/Projects/Diagram/chart-generator/data/birdstrikes.json",
    "formatType": "json"
  },
  "_info": {
    "score": 0.230472,
    "features": [
      {
        "reason": "x=When__Phase_of_flight,N [ ]",
        "score": 0.99
      },
      {
        "reason": "y=count_*,Q [ ]",
        "score": 1
      },
      {
        "reason": "color=bin_Speed_IAS_in_knots,Q [ ]",
        "score": 0.3
      },
      {
        "reason": "OxQ plot",
        "score": 0.8
      },
      {
        "reason": "mark=bar",
        "score": 0.97
      }
    ]
  }
}