{
  "encoding": {
    "color": {
      "field": "When__Phase_of_flight",
      "type": "nominal",
      "primitiveType": "string",
      "selected": true,
      "_any": false
    },
    "x": {
      "field": "Cost__Total_$",
      "type": "quantitative",
      "bin": true,
      "scale": {
        "bandSize": 30
      }
    },
    "y": {
      "field": "*",
      "aggregate": "count",
      "type": "quantitative",
      "scale": {
        "bandSize": 30
      }
    }
  },
  "config": {
    "background": "white",
    "cell": {
      "width": 400,
      "height": 400
    }
  },
  "mark": "area",
  "data": {
    "url": "file:///Users/jpocom/Projects/Diagram/chart-generator/data/birdstrikes.json",
    "formatType": "json"
  },
  "_info": {
    "score": 0.4704,
    "features": [
      {
        "reason": "x=bin_Cost__Total_$,Q [ ]",
        "score": 1
      },
      {
        "reason": "y=count_*,Q [ ]",
        "score": 1
      },
      {
        "reason": "color=When__Phase_of_flight,N [ ]",
        "score": 0.6
      },
      {
        "reason": "OxQ plot",
        "score": 0.8
      },
      {
        "reason": "mark=area",
        "score": 0.98
      }
    ]
  }
}