{
  "encoding": {
    "x": {
      "field": "year",
      "type": "ordinal",
      "primitiveType": "integer",
      "selected": true,
      "_any": false,
      "scale": {
        "bandSize": 30
      }
    },
    "y": {
      "field": "yield",
      "type": "quantitative",
      "bin": true,
      "scale": {
        "bandSize": 30
      }
    },
    "color": {
      "field": "*",
      "aggregate": "count",
      "type": "quantitative"
    }
  },
  "config": {
    "background": "white",
    "cell": {
      "width": 400,
      "height": 400
    }
  },
  "mark": "point",
  "data": {
    "url": "file:///Users/jpocom/Projects/Diagram/chart-generator/data/barley.json",
    "formatType": "json"
  },
  "_info": {
    "score": 0.46554749999999995,
    "features": [
      {
        "reason": "x=year,O [ ]",
        "score": 0.99
      },
      {
        "reason": "y=bin_yield,Q [ ]",
        "score": 0.99
      },
      {
        "reason": "color=count_*,Q [ ]",
        "score": 0.5
      },
      {
        "reason": "mark=point",
        "score": 0.95
      }
    ]
  }
}