{
  "encoding": {
    "x": {
      "field": "site",
      "type": "nominal",
      "primitiveType": "string",
      "selected": true,
      "_any": false,
      "scale": {
        "bandSize": 30
      }
    },
    "y": {
      "field": "yield",
      "type": "quantitative",
      "bin": true,
      "scale": {
        "bandSize": 30
      }
    },
    "size": {
      "field": "*",
      "aggregate": "count",
      "type": "quantitative"
    }
  },
  "config": {
    "background": "white",
    "cell": {
      "width": 400,
      "height": 400
    }
  },
  "mark": "point",
  "data": {
    "url": "file:///Users/jpocom/Projects/Diagram/chart-generator/data/barley.json",
    "formatType": "json"
  },
  "_info": {
    "score": 0.5586569999999998,
    "features": [
      {
        "reason": "x=site,N [ ]",
        "score": 0.99
      },
      {
        "reason": "y=bin_yield,Q [ ]",
        "score": 0.99
      },
      {
        "reason": "size=count_*,Q [ ]",
        "score": 0.6
      },
      {
        "reason": "mark=point",
        "score": 0.95
      }
    ]
  }
}