{
  "encoding": {
    "detail": {
      "field": "year",
      "type": "ordinal",
      "primitiveType": "integer",
      "selected": true,
      "_any": false
    },
    "y": {
      "field": "yield",
      "type": "quantitative",
      "bin": true,
      "scale": {
        "bandSize": 30
      }
    },
    "x": {
      "field": "*",
      "aggregate": "count",
      "type": "quantitative",
      "scale": {
        "bandSize": 30
      }
    }
  },
  "config": {
    "background": "white",
    "cell": {
      "width": 400,
      "height": 400
    }
  },
  "mark": "point",
  "data": {
    "url": "file:///Users/jpocom/Projects/Diagram/chart-generator/data/barley.json",
    "formatType": "json"
  },
  "_info": {
    "score": 0.3762,
    "features": [
      {
        "reason": "x=count_*,Q [ ]",
        "score": 1
      },
      {
        "reason": "y=bin_yield,Q [ ]",
        "score": 0.99
      },
      {
        "reason": "detail=year,O [ ]",
        "score": 0.5
      },
      {
        "reason": "OxQ plot",
        "score": 0.8
      },
      {
        "reason": "mark=point",
        "score": 0.95
      }
    ]
  }
}