{
  "encoding": {
    "detail": {
      "field": "variety",
      "type": "nominal",
      "primitiveType": "string",
      "selected": true,
      "_any": false
    },
    "x": {
      "field": "yield",
      "type": "quantitative",
      "bin": true,
      "scale": {
        "bandSize": 30
      }
    },
    "y": {
      "field": "*",
      "aggregate": "count",
      "type": "quantitative",
      "scale": {
        "bandSize": 30
      }
    }
  },
  "config": {
    "background": "white",
    "cell": {
      "width": 400,
      "height": 400
    }
  },
  "mark": "bar",
  "data": {
    "url": "file:///Users/jpocom/Projects/Diagram/chart-generator/data/barley.json",
    "formatType": "json"
  },
  "_info": {
    "score": 0.388,
    "features": [
      {
        "reason": "x=bin_yield,Q [ ]",
        "score": 1
      },
      {
        "reason": "y=count_*,Q [ ]",
        "score": 1
      },
      {
        "reason": "detail=variety,N [ ]",
        "score": 0.5
      },
      {
        "reason": "OxQ plot",
        "score": 0.8
      },
      {
        "reason": "mark=bar",
        "score": 0.97
      }
    ]
  }
}