[{"Date": "1958-03-01", "CO2": "315.7"}, {"Date": "1958-04-01", "CO2": "317.46"}, {"Date": "1958-05-01", "CO2": "317.51"}, {"Date": "1958-07-01", "CO2": "315.86"}, {"Date": "1958-08-01", "CO2": "314.93"}, {"Date": "1958-09-01", "CO2": "313.21"}, {"Date": "1958-11-01", "CO2": "313.33"}, {"Date": "1958-12-01", "CO2": "314.67"}, {"Date": "1959-01-01", "CO2": "315.58"}, {"Date": "1959-02-01", "CO2": "316.48"}, {"Date": "1959-03-01", "CO2": "316.65"}, {"Date": "1959-04-01", "CO2": "317.72"}, {"Date": "1959-05-01", "CO2": "318.29"}, {"Date": "1959-06-01", "CO2": "318.15"}, {"Date": "1959-07-01", "CO2": "316.54"}, {"Date": "1959-08-01", "CO2": "314.8"}, {"Date": "1959-09-01", "CO2": "313.84"}, {"Date": "1959-10-01", "CO2": "313.34"}, {"Date": "1959-11-01", "CO2": "314.81"}, {"Date": "1959-12-01", "CO2": "315.58"}, {"Date": "1960-01-01", "CO2": "316.43"}, {"Date": "1960-02-01", "CO2": "316.98"}, {"Date": "1960-03-01", "CO2": "317.58"}, {"Date": "1960-04-01", "CO2": "319.03"}, {"Date": "1960-05-01", "CO2": "320.04"}, {"Date": "1960-06-01", "CO2": "319.59"}, {"Date": "1960-07-01", "CO2": "318.18"}, {"Date": "1960-08-01", "CO2": "315.9"}, {"Date": "1960-09-01", "CO2": "314.17"}, {"Date": "1960-10-01", "CO2": "313.83"}, {"Date": "1960-11-01", "CO2": "315"}, {"Date": "1960-12-01", "CO2": "316.19"}, {"Date": "1961-01-01", "CO2": "316.9"}, {"Date": "1961-02-01", "CO2": "317.7"}, {"Date": "1961-03-01", "CO2": "318.54"}, {"Date": "1961-04-01", "CO2": "319.48"}, {"Date": "1961-05-01", "CO2": "320.58"}, {"Date": "1961-06-01", "CO2": "319.77"}, {"Date": "1961-07-01", "CO2": "318.57"}, {"Date": "1961-08-01", "CO2": "316.79"}, {"Date": "1961-09-01", "CO2": "314.99"}, {"Date": "1961-10-01", "CO2": "315.31"}, {"Date": "1961-11-01", "CO2": "316.1"}, {"Date": "1961-12-01", "CO2": "317.01"}, {"Date": "1962-01-01", "CO2": "317.94"}, {"Date": "1962-02-01", "CO2": "318.55"}, {"Date": "1962-03-01", "CO2": "319.68"}, {"Date": "1962-04-01", "CO2": "320.57"}, {"Date": "1962-05-01", "CO2": "321.02"}, {"Date": "1962-06-01", "CO2": "320.62"}, {"Date": "1962-07-01", "CO2": "319.61"}, {"Date": "1962-08-01", "CO2": "317.4"}, {"Date": "1962-09-01", "CO2": "316.25"}, {"Date": "1962-10-01", "CO2": "315.42"}, {"Date": "1962-11-01", "CO2": "316.69"}, {"Date": "1962-12-01", "CO2": "317.7"}, {"Date": "1963-01-01", "CO2": "318.74"}, {"Date": "1963-02-01", "CO2": "319.07"}, {"Date": "1963-03-01", "CO2": "319.86"}, {"Date": "1963-04-01", "CO2": "321.39"}, {"Date": "1963-05-01", "CO2": "322.25"}, {"Date": "1963-06-01", "CO2": "321.48"}, {"Date": "1963-07-01", "CO2": "319.74"}, {"Date": "1963-08-01", "CO2": "317.77"}, {"Date": "1963-09-01", "CO2": "316.21"}, {"Date": "1963-10-01", "CO2": "315.99"}, {"Date": "1963-11-01", "CO2": "317.07"}, {"Date": "1963-12-01", "CO2": "318.35"}, {"Date": "1964-01-01", "CO2": "319.57"}, {"Date": "1964-05-01", "CO2": "322.26"}, {"Date": "1964-06-01", "CO2": "321.89"}, {"Date": "1964-07-01", "CO2": "320.44"}, {"Date": "1964-08-01", "CO2": "318.69"}, {"Date": "1964-09-01", "CO2": "316.7"}, {"Date": "1964-10-01", "CO2": "316.87"}, {"Date": "1964-11-01", "CO2": "317.68"}, {"Date": "1964-12-01", "CO2": "318.71"}, {"Date": "1965-01-01", "CO2": "319.44"}, {"Date": "1965-02-01", "CO2": "320.44"}, {"Date": "1965-03-01", "CO2": "320.89"}, {"Date": "1965-04-01", "CO2": "322.14"}, {"Date": "1965-05-01", "CO2": "322.17"}, {"Date": "1965-06-01", "CO2": "321.87"}, {"Date": "1965-07-01", "CO2": "321.21"}, {"Date": "1965-08-01", "CO2": "318.87"}, {"Date": "1965-09-01", "CO2": "317.82"}, {"Date": "1965-10-01", "CO2": "317.3"}, {"Date": "1965-11-01", "CO2": "318.87"}, {"Date": "1965-12-01", "CO2": "319.42"}, {"Date": "1966-01-01", "CO2": "320.62"}, {"Date": "1966-02-01", "CO2": "321.59"}, {"Date": "1966-03-01", "CO2": "322.39"}, {"Date": "1966-04-01", "CO2": "323.7"}, {"Date": "1966-05-01", "CO2": "324.08"}, {"Date": "1966-06-01", "CO2": "323.75"}, {"Date": "1966-07-01", "CO2": "322.39"}, {"Date": "1966-08-01", "CO2": "320.36"}, {"Date": "1966-09-01", "CO2": "318.64"}, {"Date": "1966-10-01", "CO2": "318.1"}, {"Date": "1966-11-01", "CO2": "319.78"}, {"Date": "1966-12-01", "CO2": "321.03"}, {"Date": "1967-01-01", "CO2": "322.33"}, {"Date": "1967-02-01", "CO2": "322.5"}, {"Date": "1967-03-01", "CO2": "323.04"}, {"Date": "1967-04-01", "CO2": "324.42"}, {"Date": "1967-05-01", "CO2": "325"}, {"Date": "1967-06-01", "CO2": "324.09"}, {"Date": "1967-07-01", "CO2": "322.55"}, {"Date": "1967-08-01", "CO2": "320.92"}, {"Date": "1967-09-01", "CO2": "319.25"}, {"Date": "1967-10-01", "CO2": "319.39"}, {"Date": "1967-11-01", "CO2": "320.73"}, {"Date": "1967-12-01", "CO2": "321.96"}, {"Date": "1968-01-01", "CO2": "322.57"}, {"Date": "1968-02-01", "CO2": "323.14"}, {"Date": "1968-03-01", "CO2": "323.89"}, {"Date": "1968-04-01", "CO2": "325.02"}, {"Date": "1968-05-01", "CO2": "325.57"}, {"Date": "1968-06-01", "CO2": "325.36"}, {"Date": "1968-07-01", "CO2": "324.14"}, {"Date": "1968-08-01", "CO2": "322.11"}, {"Date": "1968-09-01", "CO2": "320.33"}, {"Date": "1968-10-01", "CO2": "320.25"}, {"Date": "1968-11-01", "CO2": "321.32"}, {"Date": "1968-12-01", "CO2": "322.89"}, {"Date": "1969-01-01", "CO2": "324"}, {"Date": "1969-02-01", "CO2": "324.42"}, {"Date": "1969-03-01", "CO2": "325.63"}, {"Date": "1969-04-01", "CO2": "326.66"}, {"Date": "1969-05-01", "CO2": "327.38"}, {"Date": "1969-06-01", "CO2": "326.7"}, {"Date": "1969-07-01", "CO2": "325.88"}, {"Date": "1969-08-01", "CO2": "323.66"}, {"Date": "1969-09-01", "CO2": "322.38"}, {"Date": "1969-10-01", "CO2": "321.78"}, {"Date": "1969-11-01", "CO2": "322.85"}, {"Date": "1969-12-01", "CO2": "324.12"}, {"Date": "1970-01-01", "CO2": "325.06"}, {"Date": "1970-02-01", "CO2": "325.98"}, {"Date": "1970-03-01", "CO2": "326.93"}, {"Date": "1970-04-01", "CO2": "328.14"}, {"Date": "1970-05-01", "CO2": "328.08"}, {"Date": "1970-06-01", "CO2": "327.67"}, {"Date": "1970-07-01", "CO2": "326.34"}, {"Date": "1970-08-01", "CO2": "324.69"}, {"Date": "1970-09-01", "CO2": "323.1"}, {"Date": "1970-10-01", "CO2": "323.07"}, {"Date": "1970-11-01", "CO2": "324.01"}, {"Date": "1970-12-01", "CO2": "325.13"}, {"Date": "1971-01-01", "CO2": "326.17"}, {"Date": "1971-02-01", "CO2": "326.68"}, {"Date": "1971-03-01", "CO2": "327.17"}, {"Date": "1971-04-01", "CO2": "327.79"}, {"Date": "1971-05-01", "CO2": "328.92"}, {"Date": "1971-06-01", "CO2": "328.57"}, {"Date": "1971-07-01", "CO2": "327.36"}, {"Date": "1971-08-01", "CO2": "325.43"}, {"Date": "1971-09-01", "CO2": "323.36"}, {"Date": "1971-10-01", "CO2": "323.56"}, {"Date": "1971-11-01", "CO2": "324.8"}, {"Date": "1971-12-01", "CO2": "326.01"}, {"Date": "1972-01-01", "CO2": "326.77"}, {"Date": "1972-02-01", "CO2": "327.63"}, {"Date": "1972-03-01", "CO2": "327.75"}, {"Date": "1972-04-01", "CO2": "329.73"}, {"Date": "1972-05-01", "CO2": "330.07"}, {"Date": "1972-06-01", "CO2": "329.09"}, {"Date": "1972-07-01", "CO2": "328.04"}, {"Date": "1972-08-01", "CO2": "326.32"}, {"Date": "1972-09-01", "CO2": "324.84"}, {"Date": "1972-10-01", "CO2": "325.2"}, {"Date": "1972-11-01", "CO2": "326.5"}, {"Date": "1972-12-01", "CO2": "327.55"}, {"Date": "1973-01-01", "CO2": "328.55"}, {"Date": "1973-02-01", "CO2": "329.56"}, {"Date": "1973-03-01", "CO2": "330.3"}, {"Date": "1973-04-01", "CO2": "331.5"}, {"Date": "1973-05-01", "CO2": "332.48"}, {"Date": "1973-06-01", "CO2": "332.07"}, {"Date": "1973-07-01", "CO2": "330.87"}, {"Date": "1973-08-01", "CO2": "329.31"}, {"Date": "1973-09-01", "CO2": "327.51"}, {"Date": "1973-10-01", "CO2": "327.18"}, {"Date": "1973-11-01", "CO2": "328.16"}, {"Date": "1973-12-01", "CO2": "328.64"}, {"Date": "1974-01-01", "CO2": "329.35"}, {"Date": "1974-02-01", "CO2": "330.71"}, {"Date": "1974-03-01", "CO2": "331.48"}, {"Date": "1974-04-01", "CO2": "332.65"}, {"Date": "1974-05-01", "CO2": "333.09"}, {"Date": "1974-06-01", "CO2": "332.25"}, {"Date": "1974-07-01", "CO2": "331.18"}, {"Date": "1974-08-01", "CO2": "329.39"}, {"Date": "1974-09-01", "CO2": "327.43"}, {"Date": "1974-10-01", "CO2": "327.37"}, {"Date": "1974-11-01", "CO2": "328.46"}, {"Date": "1974-12-01", "CO2": "329.57"}, {"Date": "1975-01-01", "CO2": "330.4"}, {"Date": "1975-02-01", "CO2": "331.4"}, {"Date": "1975-03-01", "CO2": "332.04"}, {"Date": "1975-04-01", "CO2": "333.31"}, {"Date": "1975-05-01", "CO2": "333.97"}, {"Date": "1975-06-01", "CO2": "333.6"}, {"Date": "1975-07-01", "CO2": "331.9"}, {"Date": "1975-08-01", "CO2": "330.06"}, {"Date": "1975-09-01", "CO2": "328.56"}, {"Date": "1975-10-01", "CO2": "328.34"}, {"Date": "1975-11-01", "CO2": "329.49"}, {"Date": "1975-12-01", "CO2": "330.76"}, {"Date": "1976-01-01", "CO2": "331.75"}, {"Date": "1976-02-01", "CO2": "332.56"}, {"Date": "1976-03-01", "CO2": "333.5"}, {"Date": "1976-04-01", "CO2": "334.58"}, {"Date": "1976-05-01", "CO2": "334.88"}, {"Date": "1976-06-01", "CO2": "334.33"}, {"Date": "1976-07-01", "CO2": "333.05"}, {"Date": "1976-08-01", "CO2": "330.94"}, {"Date": "1976-09-01", "CO2": "329.3"}, {"Date": "1976-10-01", "CO2": "328.94"}, {"Date": "1976-11-01", "CO2": "330.31"}, {"Date": "1976-12-01", "CO2": "331.68"}, {"Date": "1977-01-01", "CO2": "332.93"}, {"Date": "1977-02-01", "CO2": "333.42"}, {"Date": "1977-03-01", "CO2": "334.7"}, {"Date": "1977-04-01", "CO2": "336.07"}, {"Date": "1977-05-01", "CO2": "336.75"}, {"Date": "1977-06-01", "CO2": "336.27"}, {"Date": "1977-07-01", "CO2": "334.92"}, {"Date": "1977-08-01", "CO2": "332.75"}, {"Date": "1977-09-01", "CO2": "331.59"}, {"Date": "1977-10-01", "CO2": "331.16"}, {"Date": "1977-11-01", "CO2": "332.4"}, {"Date": "1977-12-01", "CO2": "333.85"}, {"Date": "1978-01-01", "CO2": "334.97"}, {"Date": "1978-02-01", "CO2": "335.38"}, {"Date": "1978-03-01", "CO2": "336.64"}, {"Date": "1978-04-01", "CO2": "337.76"}, {"Date": "1978-05-01", "CO2": "338.01"}, {"Date": "1978-06-01", "CO2": "337.89"}, {"Date": "1978-07-01", "CO2": "336.54"}, {"Date": "1978-08-01", "CO2": "334.68"}, {"Date": "1978-09-01", "CO2": "332.76"}, {"Date": "1978-10-01", "CO2": "332.55"}, {"Date": "1978-11-01", "CO2": "333.92"}, {"Date": "1978-12-01", "CO2": "334.95"}, {"Date": "1979-01-01", "CO2": "336.23"}, {"Date": "1979-02-01", "CO2": "336.76"}, {"Date": "1979-03-01", "CO2": "337.96"}, {"Date": "1979-04-01", "CO2": "338.88"}, {"Date": "1979-05-01", "CO2": "339.47"}, {"Date": "1979-06-01", "CO2": "339.29"}, {"Date": "1979-07-01", "CO2": "337.73"}, {"Date": "1979-08-01", "CO2": "336.09"}, {"Date": "1979-09-01", "CO2": "333.92"}, {"Date": "1979-10-01", "CO2": "333.86"}, {"Date": "1979-11-01", "CO2": "335.29"}, {"Date": "1979-12-01", "CO2": "336.73"}, {"Date": "1980-01-01", "CO2": "338.01"}, {"Date": "1980-02-01", "CO2": "338.36"}, {"Date": "1980-03-01", "CO2": "340.07"}, {"Date": "1980-04-01", "CO2": "340.77"}, {"Date": "1980-05-01", "CO2": "341.47"}, {"Date": "1980-06-01", "CO2": "341.17"}, {"Date": "1980-07-01", "CO2": "339.56"}, {"Date": "1980-08-01", "CO2": "337.6"}, {"Date": "1980-09-01", "CO2": "335.88"}, {"Date": "1980-10-01", "CO2": "336.02"}, {"Date": "1980-11-01", "CO2": "337.1"}, {"Date": "1980-12-01", "CO2": "338.21"}, {"Date": "1981-01-01", "CO2": "339.24"}, {"Date": "1981-02-01", "CO2": "340.48"}, {"Date": "1981-03-01", "CO2": "341.38"}, {"Date": "1981-04-01", "CO2": "342.51"}, {"Date": "1981-05-01", "CO2": "342.91"}, {"Date": "1981-06-01", "CO2": "342.25"}, {"Date": "1981-07-01", "CO2": "340.49"}, {"Date": "1981-08-01", "CO2": "338.43"}, {"Date": "1981-09-01", "CO2": "336.69"}, {"Date": "1981-10-01", "CO2": "336.86"}, {"Date": "1981-11-01", "CO2": "338.36"}, {"Date": "1981-12-01", "CO2": "339.61"}, {"Date": "1982-01-01", "CO2": "340.75"}, {"Date": "1982-02-01", "CO2": "341.61"}, {"Date": "1982-03-01", "CO2": "342.7"}, {"Date": "1982-04-01", "CO2": "343.57"}, {"Date": "1982-05-01", "CO2": "344.14"}, {"Date": "1982-06-01", "CO2": "343.35"}, {"Date": "1982-07-01", "CO2": "342.06"}, {"Date": "1982-08-01", "CO2": "339.81"}, {"Date": "1982-09-01", "CO2": "337.98"}, {"Date": "1982-10-01", "CO2": "337.86"}, {"Date": "1982-11-01", "CO2": "339.26"}, {"Date": "1982-12-01", "CO2": "340.49"}, {"Date": "1983-01-01", "CO2": "341.38"}, {"Date": "1983-02-01", "CO2": "342.52"}, {"Date": "1983-03-01", "CO2": "343.1"}, {"Date": "1983-04-01", "CO2": "344.94"}, {"Date": "1983-05-01", "CO2": "345.76"}, {"Date": "1983-06-01", "CO2": "345.32"}, {"Date": "1983-07-01", "CO2": "343.98"}, {"Date": "1983-08-01", "CO2": "342.38"}, {"Date": "1983-09-01", "CO2": "339.86"}, {"Date": "1983-10-01", "CO2": "339.99"}, {"Date": "1983-11-01", "CO2": "341.15"}, {"Date": "1983-12-01", "CO2": "342.99"}, {"Date": "1984-01-01", "CO2": "343.7"}, {"Date": "1984-02-01", "CO2": "344.5"}, {"Date": "1984-03-01", "CO2": "345.28"}, {"Date": "1984-04-01", "CO2": "347.06"}, {"Date": "1984-05-01", "CO2": "347.43"}, {"Date": "1984-06-01", "CO2": "346.8"}, {"Date": "1984-07-01", "CO2": "345.39"}, {"Date": "1984-08-01", "CO2": "343.28"}, {"Date": "1984-09-01", "CO2": "341.07"}, {"Date": "1984-10-01", "CO2": "341.35"}, {"Date": "1984-11-01", "CO2": "342.98"}, {"Date": "1984-12-01", "CO2": "344.22"}, {"Date": "1985-01-01", "CO2": "344.97"}, {"Date": "1985-02-01", "CO2": "345.99"}, {"Date": "1985-03-01", "CO2": "347.42"}, {"Date": "1985-04-01", "CO2": "348.35"}, {"Date": "1985-05-01", "CO2": "348.93"}, {"Date": "1985-06-01", "CO2": "348.25"}, {"Date": "1985-07-01", "CO2": "346.56"}, {"Date": "1985-08-01", "CO2": "344.68"}, {"Date": "1985-09-01", "CO2": "343.09"}, {"Date": "1985-10-01", "CO2": "342.8"}, {"Date": "1985-11-01", "CO2": "344.24"}, {"Date": "1985-12-01", "CO2": "345.56"}, {"Date": "1986-01-01", "CO2": "346.3"}, {"Date": "1986-02-01", "CO2": "346.95"}, {"Date": "1986-03-01", "CO2": "347.85"}, {"Date": "1986-04-01", "CO2": "349.55"}, {"Date": "1986-05-01", "CO2": "350.22"}, {"Date": "1986-06-01", "CO2": "349.55"}, {"Date": "1986-07-01", "CO2": "347.94"}, {"Date": "1986-08-01", "CO2": "345.9"}, {"Date": "1986-09-01", "CO2": "344.85"}, {"Date": "1986-10-01", "CO2": "344.17"}, {"Date": "1986-11-01", "CO2": "345.66"}, {"Date": "1986-12-01", "CO2": "346.9"}, {"Date": "1987-01-01", "CO2": "348.02"}, {"Date": "1987-02-01", "CO2": "348.48"}, {"Date": "1987-03-01", "CO2": "349.41"}, {"Date": "1987-04-01", "CO2": "350.99"}, {"Date": "1987-05-01", "CO2": "351.85"}, {"Date": "1987-06-01", "CO2": "351.26"}, {"Date": "1987-07-01", "CO2": "349.51"}, {"Date": "1987-08-01", "CO2": "348.1"}, {"Date": "1987-09-01", "CO2": "346.44"}, {"Date": "1987-10-01", "CO2": "346.36"}, {"Date": "1987-11-01", "CO2": "347.81"}, {"Date": "1987-12-01", "CO2": "348.96"}, {"Date": "1988-01-01", "CO2": "350.43"}, {"Date": "1988-02-01", "CO2": "351.73"}, {"Date": "1988-03-01", "CO2": "352.22"}, {"Date": "1988-04-01", "CO2": "353.59"}, {"Date": "1988-05-01", "CO2": "354.22"}, {"Date": "1988-06-01", "CO2": "353.79"}, {"Date": "1988-07-01", "CO2": "352.38"}, {"Date": "1988-08-01", "CO2": "350.43"}, {"Date": "1988-09-01", "CO2": "348.73"}, {"Date": "1988-10-01", "CO2": "348.88"}, {"Date": "1988-11-01", "CO2": "350.07"}, {"Date": "1988-12-01", "CO2": "351.34"}, {"Date": "1989-01-01", "CO2": "352.76"}, {"Date": "1989-02-01", "CO2": "353.07"}, {"Date": "1989-03-01", "CO2": "353.68"}, {"Date": "1989-04-01", "CO2": "355.42"}, {"Date": "1989-05-01", "CO2": "355.67"}, {"Date": "1989-06-01", "CO2": "355.12"}, {"Date": "1989-07-01", "CO2": "353.9"}, {"Date": "1989-08-01", "CO2": "351.67"}, {"Date": "1989-09-01", "CO2": "349.8"}, {"Date": "1989-10-01", "CO2": "349.99"}, {"Date": "1989-11-01", "CO2": "351.3"}, {"Date": "1989-12-01", "CO2": "352.52"}, {"Date": "1990-01-01", "CO2": "353.66"}, {"Date": "1990-02-01", "CO2": "354.7"}, {"Date": "1990-03-01", "CO2": "355.38"}, {"Date": "1990-04-01", "CO2": "356.2"}, {"Date": "1990-05-01", "CO2": "357.16"}, {"Date": "1990-06-01", "CO2": "356.23"}, {"Date": "1990-07-01", "CO2": "354.81"}, {"Date": "1990-08-01", "CO2": "352.91"}, {"Date": "1990-09-01", "CO2": "350.96"}, {"Date": "1990-10-01", "CO2": "351.18"}, {"Date": "1990-11-01", "CO2": "352.83"}, {"Date": "1990-12-01", "CO2": "354.21"}, {"Date": "1991-01-01", "CO2": "354.72"}, {"Date": "1991-02-01", "CO2": "355.75"}, {"Date": "1991-03-01", "CO2": "357.16"}, {"Date": "1991-04-01", "CO2": "358.6"}, {"Date": "1991-05-01", "CO2": "359.34"}, {"Date": "1991-06-01", "CO2": "358.24"}, {"Date": "1991-07-01", "CO2": "356.17"}, {"Date": "1991-08-01", "CO2": "354.02"}, {"Date": "1991-09-01", "CO2": "352.15"}, {"Date": "1991-10-01", "CO2": "352.21"}, {"Date": "1991-11-01", "CO2": "353.75"}, {"Date": "1991-12-01", "CO2": "354.99"}, {"Date": "1992-01-01", "CO2": "355.99"}, {"Date": "1992-02-01", "CO2": "356.72"}, {"Date": "1992-03-01", "CO2": "357.81"}, {"Date": "1992-04-01", "CO2": "359.15"}, {"Date": "1992-05-01", "CO2": "359.66"}, {"Date": "1992-06-01", "CO2": "359.25"}, {"Date": "1992-07-01", "CO2": "357.02"}, {"Date": "1992-08-01", "CO2": "355"}, {"Date": "1992-09-01", "CO2": "353.01"}, {"Date": "1992-10-01", "CO2": "353.31"}, {"Date": "1992-11-01", "CO2": "354.16"}, {"Date": "1992-12-01", "CO2": "355.4"}, {"Date": "1993-01-01", "CO2": "356.7"}, {"Date": "1993-02-01", "CO2": "357.16"}, {"Date": "1993-03-01", "CO2": "358.38"}, {"Date": "1993-04-01", "CO2": "359.46"}, {"Date": "1993-05-01", "CO2": "360.28"}, {"Date": "1993-06-01", "CO2": "359.6"}, {"Date": "1993-07-01", "CO2": "357.57"}, {"Date": "1993-08-01", "CO2": "355.52"}, {"Date": "1993-09-01", "CO2": "353.69"}, {"Date": "1993-10-01", "CO2": "353.99"}, {"Date": "1993-11-01", "CO2": "355.33"}, {"Date": "1993-12-01", "CO2": "356.8"}, {"Date": "1994-01-01", "CO2": "358.37"}, {"Date": "1994-02-01", "CO2": "358.91"}, {"Date": "1994-03-01", "CO2": "359.97"}, {"Date": "1994-04-01", "CO2": "361.26"}, {"Date": "1994-05-01", "CO2": "361.69"}, {"Date": "1994-06-01", "CO2": "360.94"}, {"Date": "1994-07-01", "CO2": "359.55"}, {"Date": "1994-08-01", "CO2": "357.48"}, {"Date": "1994-09-01", "CO2": "355.84"}, {"Date": "1994-10-01", "CO2": "356"}, {"Date": "1994-11-01", "CO2": "357.58"}, {"Date": "1994-12-01", "CO2": "359.04"}, {"Date": "1995-01-01", "CO2": "359.97"}, {"Date": "1995-02-01", "CO2": "361"}, {"Date": "1995-03-01", "CO2": "361.64"}, {"Date": "1995-04-01", "CO2": "363.45"}, {"Date": "1995-05-01", "CO2": "363.8"}, {"Date": "1995-06-01", "CO2": "363.26"}, {"Date": "1995-07-01", "CO2": "361.89"}, {"Date": "1995-08-01", "CO2": "359.45"}, {"Date": "1995-09-01", "CO2": "358.05"}, {"Date": "1995-10-01", "CO2": "357.76"}, {"Date": "1995-11-01", "CO2": "359.56"}, {"Date": "1995-12-01", "CO2": "360.7"}, {"Date": "1996-01-01", "CO2": "362.05"}, {"Date": "1996-02-01", "CO2": "363.24"}, {"Date": "1996-03-01", "CO2": "364.02"}, {"Date": "1996-04-01", "CO2": "364.71"}, {"Date": "1996-05-01", "CO2": "365.41"}, {"Date": "1996-06-01", "CO2": "364.97"}, {"Date": "1996-07-01", "CO2": "363.65"}, {"Date": "1996-08-01", "CO2": "361.48"}, {"Date": "1996-09-01", "CO2": "359.45"}, {"Date": "1996-10-01", "CO2": "359.61"}, {"Date": "1996-11-01", "CO2": "360.76"}, {"Date": "1996-12-01", "CO2": "362.33"}, {"Date": "1997-01-01", "CO2": "363.18"}, {"Date": "1997-02-01", "CO2": "363.99"}, {"Date": "1997-03-01", "CO2": "364.56"}, {"Date": "1997-04-01", "CO2": "366.36"}, {"Date": "1997-05-01", "CO2": "366.8"}, {"Date": "1997-06-01", "CO2": "365.63"}, {"Date": "1997-07-01", "CO2": "364.47"}, {"Date": "1997-08-01", "CO2": "362.5"}, {"Date": "1997-09-01", "CO2": "360.19"}, {"Date": "1997-10-01", "CO2": "360.77"}, {"Date": "1997-11-01", "CO2": "362.43"}, {"Date": "1997-12-01", "CO2": "364.28"}, {"Date": "1998-01-01", "CO2": "365.33"}, {"Date": "1998-02-01", "CO2": "366.15"}, {"Date": "1998-03-01", "CO2": "367.31"}, {"Date": "1998-04-01", "CO2": "368.61"}, {"Date": "1998-05-01", "CO2": "369.3"}, {"Date": "1998-06-01", "CO2": "368.88"}, {"Date": "1998-07-01", "CO2": "367.64"}, {"Date": "1998-08-01", "CO2": "365.78"}, {"Date": "1998-09-01", "CO2": "363.9"}, {"Date": "1998-10-01", "CO2": "364.23"}, {"Date": "1998-11-01", "CO2": "365.46"}, {"Date": "1998-12-01", "CO2": "366.97"}, {"Date": "1999-01-01", "CO2": "368.15"}, {"Date": "1999-02-01", "CO2": "368.87"}, {"Date": "1999-03-01", "CO2": "369.59"}, {"Date": "1999-04-01", "CO2": "371.14"}, {"Date": "1999-05-01", "CO2": "371"}, {"Date": "1999-06-01", "CO2": "370.35"}, {"Date": "1999-07-01", "CO2": "369.27"}, {"Date": "1999-08-01", "CO2": "366.93"}, {"Date": "1999-09-01", "CO2": "364.63"}, {"Date": "1999-10-01", "CO2": "365.13"}, {"Date": "1999-11-01", "CO2": "366.68"}, {"Date": "1999-12-01", "CO2": "368"}, {"Date": "2000-01-01", "CO2": "369.14"}, {"Date": "2000-02-01", "CO2": "369.46"}, {"Date": "2000-03-01", "CO2": "370.51"}, {"Date": "2000-04-01", "CO2": "371.66"}, {"Date": "2000-05-01", "CO2": "371.83"}, {"Date": "2000-06-01", "CO2": "371.69"}, {"Date": "2000-07-01", "CO2": "370.12"}, {"Date": "2000-08-01", "CO2": "368.12"}, {"Date": "2000-09-01", "CO2": "366.62"}, {"Date": "2000-10-01", "CO2": "366.73"}, {"Date": "2000-11-01", "CO2": "368.29"}, {"Date": "2000-12-01", "CO2": "369.53"}, {"Date": "2001-01-01", "CO2": "370.28"}, {"Date": "2001-02-01", "CO2": "371.5"}, {"Date": "2001-03-01", "CO2": "372.12"}, {"Date": "2001-04-01", "CO2": "372.86"}, {"Date": "2001-05-01", "CO2": "374.02"}, {"Date": "2001-06-01", "CO2": "373.31"}, {"Date": "2001-07-01", "CO2": "371.62"}, {"Date": "2001-08-01", "CO2": "369.55"}, {"Date": "2001-09-01", "CO2": "367.96"}, {"Date": "2001-10-01", "CO2": "368.09"}, {"Date": "2001-11-01", "CO2": "369.68"}, {"Date": "2001-12-01", "CO2": "371.24"}, {"Date": "2002-01-01", "CO2": "372.44"}, {"Date": "2002-02-01", "CO2": "373.08"}, {"Date": "2002-03-01", "CO2": "373.52"}, {"Date": "2002-04-01", "CO2": "374.86"}, {"Date": "2002-05-01", "CO2": "375.55"}, {"Date": "2002-06-01", "CO2": "375.4"}, {"Date": "2002-07-01", "CO2": "374.02"}, {"Date": "2002-08-01", "CO2": "371.49"}, {"Date": "2002-09-01", "CO2": "370.7"}, {"Date": "2002-10-01", "CO2": "370.25"}, {"Date": "2002-11-01", "CO2": "372.08"}, {"Date": "2002-12-01", "CO2": "373.78"}, {"Date": "2003-01-01", "CO2": "374.68"}, {"Date": "2003-02-01", "CO2": "375.62"}, {"Date": "2003-03-01", "CO2": "376.11"}, {"Date": "2003-04-01", "CO2": "377.65"}, {"Date": "2003-05-01", "CO2": "378.35"}, {"Date": "2003-06-01", "CO2": "378.13"}, {"Date": "2003-07-01", "CO2": "376.61"}, {"Date": "2003-08-01", "CO2": "374.48"}, {"Date": "2003-09-01", "CO2": "372.98"}, {"Date": "2003-10-01", "CO2": "373"}, {"Date": "2003-11-01", "CO2": "374.35"}, {"Date": "2003-12-01", "CO2": "375.69"}, {"Date": "2004-01-01", "CO2": "376.79"}, {"Date": "2004-02-01", "CO2": "377.36"}, {"Date": "2004-03-01", "CO2": "378.39"}, {"Date": "2004-04-01", "CO2": "380.5"}, {"Date": "2004-05-01", "CO2": "380.62"}, {"Date": "2004-06-01", "CO2": "379.55"}, {"Date": "2004-07-01", "CO2": "377.76"}, {"Date": "2004-08-01", "CO2": "375.84"}, {"Date": "2004-09-01", "CO2": "374.05"}, {"Date": "2004-10-01", "CO2": "374.22"}, {"Date": "2004-11-01", "CO2": "375.84"}, {"Date": "2004-12-01", "CO2": "377.44"}, {"Date": "2005-01-01", "CO2": "378.34"}, {"Date": "2005-02-01", "CO2": "379.61"}, {"Date": "2005-03-01", "CO2": "380.07"}, {"Date": "2005-04-01", "CO2": "382.05"}, {"Date": "2005-05-01", "CO2": "382.24"}, {"Date": "2005-06-01", "CO2": "382.08"}, {"Date": "2005-07-01", "CO2": "380.67"}, {"Date": "2005-08-01", "CO2": "378.67"}, {"Date": "2005-09-01", "CO2": "376.42"}, {"Date": "2005-10-01", "CO2": "376.8"}, {"Date": "2005-11-01", "CO2": "378.31"}, {"Date": "2005-12-01", "CO2": "379.96"}, {"Date": "2006-01-01", "CO2": "381.37"}, {"Date": "2006-02-01", "CO2": "382.02"}, {"Date": "2006-03-01", "CO2": "382.56"}, {"Date": "2006-04-01", "CO2": "384.37"}, {"Date": "2006-05-01", "CO2": "384.92"}, {"Date": "2006-06-01", "CO2": "384.03"}, {"Date": "2006-07-01", "CO2": "382.28"}, {"Date": "2006-08-01", "CO2": "380.48"}, {"Date": "2006-09-01", "CO2": "378.81"}, {"Date": "2006-10-01", "CO2": "379.06"}, {"Date": "2006-11-01", "CO2": "380.14"}, {"Date": "2006-12-01", "CO2": "381.66"}, {"Date": "2007-01-01", "CO2": "382.58"}, {"Date": "2007-02-01", "CO2": "383.71"}, {"Date": "2007-03-01", "CO2": "384.34"}, {"Date": "2007-04-01", "CO2": "386.23"}, {"Date": "2007-05-01", "CO2": "386.41"}, {"Date": "2007-06-01", "CO2": "385.87"}, {"Date": "2007-07-01", "CO2": "384.45"}, {"Date": "2007-08-01", "CO2": "381.84"}, {"Date": "2007-09-01", "CO2": "380.86"}, {"Date": "2007-10-01", "CO2": "380.86"}, {"Date": "2007-11-01", "CO2": "382.36"}, {"Date": "2007-12-01", "CO2": "383.61"}, {"Date": "2008-01-01", "CO2": "385.07"}, {"Date": "2008-02-01", "CO2": "385.84"}, {"Date": "2008-03-01", "CO2": "385.83"}, {"Date": "2008-04-01", "CO2": "386.77"}, {"Date": "2008-05-01", "CO2": "388.51"}, {"Date": "2008-06-01", "CO2": "388.05"}, {"Date": "2008-07-01", "CO2": "386.25"}, {"Date": "2008-08-01", "CO2": "384.09"}, {"Date": "2008-09-01", "CO2": "383.09"}, {"Date": "2008-10-01", "CO2": "382.78"}, {"Date": "2008-11-01", "CO2": "384.01"}, {"Date": "2008-12-01", "CO2": "385.11"}, {"Date": "2009-01-01", "CO2": "386.65"}, {"Date": "2009-02-01", "CO2": "387.12"}, {"Date": "2009-03-01", "CO2": "388.51"}, {"Date": "2009-04-01", "CO2": "389.57"}, {"Date": "2009-05-01", "CO2": "390.17"}, {"Date": "2009-06-01", "CO2": "389.62"}, {"Date": "2009-07-01", "CO2": "388.07"}, {"Date": "2009-08-01", "CO2": "386.08"}, {"Date": "2009-09-01", "CO2": "384.65"}, {"Date": "2009-10-01", "CO2": "384.33"}, {"Date": "2009-11-01", "CO2": "386.05"}, {"Date": "2009-12-01", "CO2": "387.49"}, {"Date": "2010-01-01", "CO2": "388.55"}, {"Date": "2010-02-01", "CO2": "390.07"}, {"Date": "2010-03-01", "CO2": "391.01"}, {"Date": "2010-04-01", "CO2": "392.38"}, {"Date": "2010-05-01", "CO2": "393.22"}, {"Date": "2010-06-01", "CO2": "392.24"}, {"Date": "2010-07-01", "CO2": "390.33"}, {"Date": "2010-08-01", "CO2": "388.52"}, {"Date": "2010-09-01", "CO2": "386.84"}, {"Date": "2010-10-01", "CO2": "387.16"}, {"Date": "2010-11-01", "CO2": "388.67"}, {"Date": "2010-12-01", "CO2": "389.81"}, {"Date": "2011-01-01", "CO2": "391.3"}, {"Date": "2011-02-01", "CO2": "391.92"}, {"Date": "2011-03-01", "CO2": "392.45"}, {"Date": "2011-04-01", "CO2": "393.37"}, {"Date": "2011-05-01", "CO2": "394.28"}, {"Date": "2011-06-01", "CO2": "393.69"}, {"Date": "2011-07-01", "CO2": "392.6"}, {"Date": "2011-08-01", "CO2": "390.21"}, {"Date": "2011-09-01", "CO2": "389"}, {"Date": "2011-10-01", "CO2": "388.93"}, {"Date": "2011-11-01", "CO2": "390.24"}, {"Date": "2011-12-01", "CO2": "391.8"}, {"Date": "2012-01-01", "CO2": "393.07"}, {"Date": "2012-02-01", "CO2": "393.35"}, {"Date": "2012-03-01", "CO2": "394.36"}, {"Date": "2012-04-01", "CO2": "396.43"}, {"Date": "2012-05-01", "CO2": "396.87"}, {"Date": "2012-06-01", "CO2": "395.88"}, {"Date": "2012-07-01", "CO2": "394.52"}, {"Date": "2012-08-01", "CO2": "392.54"}, {"Date": "2012-09-01", "CO2": "391.12"}, {"Date": "2012-10-01", "CO2": "391.01"}, {"Date": "2012-11-01", "CO2": "392.95"}, {"Date": "2012-12-01", "CO2": "394.34"}, {"Date": "2013-01-01", "CO2": "395.61"}, {"Date": "2013-02-01", "CO2": "396.85"}, {"Date": "2013-03-01", "CO2": "397.26"}, {"Date": "2013-04-01", "CO2": "398.35"}, {"Date": "2013-05-01", "CO2": "399.98"}, {"Date": "2013-06-01", "CO2": "398.87"}, {"Date": "2013-07-01", "CO2": "397.37"}, {"Date": "2013-08-01", "CO2": "395.41"}, {"Date": "2013-09-01", "CO2": "393.39"}, {"Date": "2013-10-01", "CO2": "393.7"}, {"Date": "2013-11-01", "CO2": "395.19"}, {"Date": "2013-12-01", "CO2": "396.82"}, {"Date": "2014-01-01", "CO2": "397.93"}, {"Date": "2014-02-01", "CO2": "398.1"}, {"Date": "2014-03-01", "CO2": "399.47"}, {"Date": "2014-04-01", "CO2": "401.33"}, {"Date": "2014-05-01", "CO2": "401.88"}, {"Date": "2014-06-01", "CO2": "401.31"}, {"Date": "2014-07-01", "CO2": "399.07"}, {"Date": "2014-08-01", "CO2": "397.21"}, {"Date": "2014-09-01", "CO2": "395.4"}, {"Date": "2014-10-01", "CO2": "395.65"}, {"Date": "2014-11-01", "CO2": "397.22"}, {"Date": "2014-12-01", "CO2": "398.79"}, {"Date": "2015-01-01", "CO2": "399.85"}, {"Date": "2015-02-01", "CO2": "400.31"}, {"Date": "2015-03-01", "CO2": "401.51"}, {"Date": "2015-04-01", "CO2": "403.45"}, {"Date": "2015-05-01", "CO2": "404.1"}, {"Date": "2015-06-01", "CO2": "402.88"}, {"Date": "2015-07-01", "CO2": "401.61"}, {"Date": "2015-08-01", "CO2": "399"}, {"Date": "2015-09-01", "CO2": "397.5"}, {"Date": "2015-10-01", "CO2": "398.28"}, {"Date": "2015-11-01", "CO2": "400.24"}, {"Date": "2015-12-01", "CO2": "401.89"}, {"Date": "2016-01-01", "CO2": "402.65"}, {"Date": "2016-02-01", "CO2": "404.16"}, {"Date": "2016-03-01", "CO2": "404.85"}, {"Date": "2016-04-01", "CO2": "407.57"}, {"Date": "2016-05-01", "CO2": "407.66"}, {"Date": "2016-06-01", "CO2": "407"}, {"Date": "2016-07-01", "CO2": "404.5"}, {"Date": "2016-08-01", "CO2": "402.24"}, {"Date": "2016-09-01", "CO2": "401.01"}, {"Date": "2016-10-01", "CO2": "401.5"}, {"Date": "2016-11-01", "CO2": "403.64"}, {"Date": "2016-12-01", "CO2": "404.55"}, {"Date": "2017-01-01", "CO2": "406.07"}, {"Date": "2017-02-01", "CO2": "406.64"}, {"Date": "2017-03-01", "CO2": "407.06"}, {"Date": "2017-04-01", "CO2": "408.95"}, {"Date": "2017-05-01", "CO2": "409.91"}, {"Date": "2017-06-01", "CO2": "409.12"}, {"Date": "2017-07-01", "CO2": "407.2"}, {"Date": "2017-08-01", "CO2": "405.24"}, {"Date": "2017-09-01", "CO2": "403.27"}, {"Date": "2017-10-01", "CO2": "403.64"}, {"Date": "2017-11-01", "CO2": "405.17"}, {"Date": "2017-12-01", "CO2": "406.75"}]