[{"state": "Alabama", "id": "1", "population": "4863300", "engineers": "0.003421545", "hurricanes": "22"}, {"state": "Alaska", "id": "2", "population": "741894", "engineers": "0.001590524", "hurricanes": "0"}, {"state": "Arizona", "id": "4", "population": "6931071", "engineers": "0.004774154", "hurricanes": "0"}, {"state": "Arkansas", "id": "5", "population": "2988248", "engineers": "0.002439557", "hurricanes": "0"}, {"state": "California", "id": "6", "population": "39250017", "engineers": "0.007125857", "hurricanes": "0"}, {"state": "Colorado", "id": "8", "population": "5540545", "engineers": "0.008087652", "hurricanes": "0"}, {"state": "Connecticut", "id": "9", "population": "3576452", "engineers": "0.005896906", "hurricanes": "10"}, {"state": "Delaware", "id": "10", "population": "952065", "engineers": "0.004989155", "hurricanes": "2"}, {"state": "District of Columbia", "id": "11", "population": "681170", "engineers": "0.011759179", "hurricanes": "0"}, {"state": "Florida", "id": "12", "population": "20612439", "engineers": "0.003299949", "hurricanes": "110"}, {"state": "Georgia", "id": "13", "population": "10310371", "engineers": "0.004939686", "hurricanes": "20"}, {"state": "Hawaii", "id": "15", "population": "1428557", "engineers": "0.001624016", "hurricanes": "0"}, {"state": "Idaho", "id": "16", "population": "1683140", "engineers": "0.002970638", "hurricanes": "0"}, {"state": "Illinois", "id": "17", "population": "12801539", "engineers": "0.004478368", "hurricanes": "0"}, {"state": "Indiana", "id": "18", "population": "6633053", "engineers": "0.002724236", "hurricanes": "0"}, {"state": "Iowa", "id": "19", "population": "3134693", "engineers": "0.003716472", "hurricanes": "0"}, {"state": "Kansas", "id": "20", "population": "2907289", "engineers": "0.003811111", "hurricanes": "0"}, {"state": "Kentucky", "id": "21", "population": "4436974", "engineers": "0.002089262", "hurricanes": "0"}, {"state": "Louisiana", "id": "22", "population": "4681666", "engineers": "0.001176931", "hurricanes": "49"}, {"state": "Maine", "id": "23", "population": "1331479", "engineers": "0.002290686", "hurricanes": "6"}, {"state": "Maryland", "id": "24", "population": "6016447", "engineers": "0.006291088", "hurricanes": "2"}, {"state": "Massachusetts", "id": "25", "population": "6811779", "engineers": "0.010230808", "hurricanes": "10"}, {"state": "Michigan", "id": "26", "population": "9928300", "engineers": "0.003876797", "hurricanes": "0"}, {"state": "Minnesota", "id": "27", "population": "5519952", "engineers": "0.006193894", "hurricanes": "0"}, {"state": "Mississippi", "id": "28", "population": "2988726", "engineers": "0.000933508", "hurricanes": "15"}, {"state": "Missouri", "id": "29", "population": "6093000", "engineers": "0.004413261", "hurricanes": "0"}, {"state": "Montana", "id": "30", "population": "1042520", "engineers": "0.002139048", "hurricanes": "0"}, {"state": "Nebraska", "id": "31", "population": "1907116", "engineers": "0.005621053", "hurricanes": "0"}, {"state": "Nevada", "id": "32", "population": "2940058", "engineers": "0.002037375", "hurricanes": "0"}, {"state": "New Hampshire", "id": "33", "population": "1334795", "engineers": "0.00633056", "hurricanes": "2"}, {"state": "New Jersey", "id": "34", "population": "8944469", "engineers": "0.007724327", "hurricanes": "2"}, {"state": "New Mexico", "id": "35", "population": "2081015", "engineers": "0.001883696", "hurricanes": "0"}, {"state": "New York", "id": "36", "population": "19745289", "engineers": "0.004941432", "hurricanes": "12"}, {"state": "North Carolina", "id": "37", "population": "10146788", "engineers": "0.004226953", "hurricanes": "46"}, {"state": "North Dakota", "id": "38", "population": "757952", "engineers": "0.003403909", "hurricanes": "0"}, {"state": "Ohio", "id": "39", "population": "11614373", "engineers": "0.004095787", "hurricanes": "0"}, {"state": "Oklahoma", "id": "40", "population": "3923561", "engineers": "0.002286188", "hurricanes": "0"}, {"state": "Oregon", "id": "41", "population": "4093465", "engineers": "0.005457479", "hurricanes": "0"}, {"state": "Pennsylvania", "id": "42", "population": "12784227", "engineers": "0.004237253", "hurricanes": "1"}, {"state": "Rhode Island", "id": "44", "population": "1056426", "engineers": "0.004581485", "hurricanes": "9"}, {"state": "South Carolina", "id": "45", "population": "4961119", "engineers": "0.002084207", "hurricanes": "31"}, {"state": "South Dakota", "id": "46", "population": "865454", "engineers": "0.003085086", "hurricanes": "0"}, {"state": "Tennessee", "id": "47", "population": "6651194", "engineers": "0.002375513", "hurricanes": "0"}, {"state": "Texas", "id": "48", "population": "27862596", "engineers": "0.004320129", "hurricanes": "59"}, {"state": "Utah", "id": "49", "population": "3051217", "engineers": "0.006440053", "hurricanes": "0"}, {"state": "Vermont", "id": "50", "population": "624594", "engineers": "0.004643016", "hurricanes": "0"}, {"state": "Virginia", "id": "51", "population": "8411808", "engineers": "0.008595061", "hurricanes": "12"}, {"state": "Washington", "id": "53", "population": "7288000", "engineers": "0.010710757", "hurricanes": "0"}, {"state": "West Virginia", "id": "54", "population": "1831102", "engineers": "0.00128338", "hurricanes": "0"}, {"state": "Wisconsin", "id": "55", "population": "5778708", "engineers": "0.004821147", "hurricanes": "0"}, {"state": "Wyoming", "id": "56", "population": "585501", "engineers": "0.001007684", "hurricanes": "0"}, {"state": "Puerto Rico", "id": "72", "population": "3411307", "engineers": "0.000773897", "hurricanes": "0"}]